City_ID,City,Country,Lat,Lng,Max Temp,Humidity,Cloudiness,Wind Speed,Current Description
0,nanortalik,GL,60.1432,-45.2371,35.33,88,99,2.24,overcast clouds
1,castro,BR,-24.7911,-50.0119,55.11,98,100,5.88,overcast clouds
2,narsaq,GL,60.9167,-46.05,50.22,69,93,6.22,overcast clouds
3,yellowknife,CA,62.456,-114.3525,0.41,57,20,8.05,few clouds
4,te anau,NZ,-45.4167,167.7167,61.03,60,26,0.36,scattered clouds
5,mahebourg,MU,-20.4081,57.7,76.24,94,75,18.41,broken clouds
6,namtsy,RU,62.7161,129.6658,18.21,95,100,8.68,light snow
7,mataura,NZ,-46.1927,168.8643,57.65,65,22,6.02,few clouds
8,natal,BR,-5.795,-35.2094,82.62,78,20,9.22,few clouds
9,kapaa,US,22.0752,-159.319,80.58,76,75,18.41,broken clouds
10,vaini,TO,-21.2,-175.2,82.56,83,75,5.75,broken clouds
11,wanning,CN,18.8003,110.3967,65.62,94,100,19.48,overcast clouds
12,arraial do cabo,BR,-22.9661,-42.0278,76.86,83,75,13.8,broken clouds
13,amethi,IN,26.15,81.8167,76.24,15,0,6.73,clear sky
14,vanimo,PG,-2.6741,141.3028,81.46,79,100,4.29,heavy intensity rain
15,rikitea,PF,-23.1203,-134.9692,75.09,61,27,10.65,scattered clouds
16,suntar,RU,62.1444,117.6319,19.0,95,100,11.79,snow
17,barrow,US,71.2906,-156.7887,-5.78,77,0,16.11,clear sky
18,qaanaaq,GL,77.484,-69.3632,13.06,96,100,3.22,overcast clouds
19,hambantota,LK,6.1241,81.1185,78.8,81,27,4.14,scattered clouds
20,nicoya,CR,10.1483,-85.452,85.69,61,100,6.85,overcast clouds
21,brae,GB,60.3964,-1.353,37.33,70,24,6.73,few clouds
22,pevek,RU,69.7008,170.3133,-7.82,92,100,3.56,overcast clouds
23,iqaluit,CA,63.7506,-68.5145,24.53,100,100,4.61,mist
24,boddam,GB,57.4667,-1.7833,37.44,97,100,0.6,light snow
25,saint-philippe,RE,-21.3585,55.7679,73.11,93,100,22.32,heavy intensity rain
26,aklavik,CA,68.2191,-135.0107,-7.6,59,0,5.75,clear sky
27,beloha,MG,-25.1667,45.05,71.51,75,0,6.51,clear sky
28,zhezkazgan,KZ,47.8043,67.7144,36.99,73,0,5.39,clear sky
29,ornskoldsvik,SE,63.2909,18.7153,25.75,80,100,4.61,overcast clouds
30,bluff,NZ,-46.6,168.3333,58.14,73,83,16.96,moderate rain
31,albany,US,42.6001,-73.9662,42.37,69,94,3.0,overcast clouds
32,sao jose da coroa grande,BR,-8.8978,-35.1478,78.96,77,92,7.47,overcast clouds
33,dori,BF,14.0354,-0.0345,88.23,8,100,4.12,overcast clouds
34,beatrice,US,40.2681,-96.747,64.38,31,100,12.66,overcast clouds
35,tuatapere,NZ,-46.1333,167.6833,57.16,64,26,2.89,scattered clouds
36,waipawa,NZ,-41.4122,175.5153,62.33,75,85,2.8,overcast clouds
37,vydrino,RU,51.485,104.8461,28.13,78,32,5.75,scattered clouds
38,tazovskiy,RU,67.4667,78.7,0.99,99,91,8.05,overcast clouds
39,isangel,VU,-19.55,169.2667,84.43,78,64,9.73,broken clouds
40,hamilton,US,39.1834,-84.5333,45.23,55,100,11.5,overcast clouds
41,kayan,MM,16.9056,96.5631,78.94,61,71,3.69,broken clouds
42,hilo,US,19.7297,-155.09,78.24,80,75,3.44,broken clouds
43,lagoa,PT,39.05,-27.9833,59.11,74,100,22.88,overcast clouds
44,minyar,RU,55.0709,57.5485,36.3,100,100,2.57,overcast clouds
45,lensk,RU,60.7253,114.9278,20.88,89,99,14.18,light snow
46,port alfred,ZA,-33.5906,26.891,62.19,97,99,8.12,overcast clouds
47,yar-sale,RU,66.8333,70.8333,5.81,91,51,11.3,broken clouds
48,punta arenas,CL,-53.15,-70.9167,44.71,70,0,10.36,clear sky
49,busselton,AU,-33.65,115.3333,69.13,82,93,8.55,overcast clouds
50,souillac,MU,-20.5167,57.5167,75.58,94,75,18.41,moderate rain
51,pampa,US,35.5362,-100.9599,56.35,87,75,9.22,broken clouds
52,chabahar,IR,25.2919,60.643,77.97,52,0,5.84,clear sky
53,airai,TL,-8.9266,125.4092,62.13,70,49,1.52,scattered clouds
54,torbay,CA,47.6666,-52.7314,34.27,92,100,19.57,light snow
55,altay,CN,47.8667,88.1167,35.2,40,100,9.91,overcast clouds
56,mehamn,NO,71.0357,27.8492,28.35,86,75,23.02,broken clouds
57,cape town,ZA,-33.9258,18.4232,65.12,69,0,25.32,clear sky
58,phan thiet,VN,10.9333,108.1,76.26,84,100,6.58,overcast clouds
59,san patricio,US,28.017,-97.5169,80.19,52,85,16.55,overcast clouds
60,soyo,AO,-6.1349,12.3689,79.09,90,100,3.71,light rain
61,jamestown,US,42.097,-79.2353,33.39,66,100,19.57,overcast clouds
62,benjamin aceval,PY,-24.9667,-57.5667,69.94,53,9,5.88,clear sky
63,yertarskiy,RU,56.7902,64.2995,20.89,98,100,2.06,overcast clouds
64,bethel,US,41.3712,-73.414,46.76,75,100,12.66,overcast clouds
65,namibe,AO,-15.1961,12.1522,71.17,81,83,1.48,broken clouds
66,ransang,PH,8.9603,117.5828,79.34,82,94,3.51,overcast clouds
67,kaitangata,NZ,-46.2817,169.8464,58.86,61,23,8.59,few clouds
68,palmer,US,42.1584,-72.3287,47.66,58,75,20.71,broken clouds
69,hasaki,JP,35.7333,140.8333,45.28,53,60,11.41,broken clouds
70,bubaque,GW,11.2833,-15.8333,74.97,74,3,19.89,clear sky
71,kaeo,NZ,-35.1,173.7833,73.33,82,26,4.38,scattered clouds
72,tiksi,RU,71.6872,128.8694,16.02,94,100,6.24,overcast clouds
73,bredasdorp,ZA,-34.5322,20.0403,63.57,70,90,11.88,light rain
74,georgetown,MY,5.4112,100.3354,78.73,93,20,2.3,few clouds
75,port hardy,CA,50.6996,-127.4199,48.38,81,75,8.05,light intensity shower rain
76,hobyo,SO,5.3505,48.5268,81.01,75,1,14.2,clear sky
77,chuy,UY,-33.6971,-53.4616,55.04,75,33,6.82,scattered clouds
78,dikson,RU,73.5069,80.5464,-4.25,97,68,7.47,broken clouds
79,ushuaia,AR,-54.8,-68.3,42.46,70,20,17.27,few clouds
80,atar,MR,20.5169,-13.0499,77.59,15,11,6.38,few clouds
81,champerico,GT,14.3,-91.9167,90.14,60,2,8.57,clear sky
82,codrington,AU,-38.2667,141.9667,61.99,66,99,11.23,overcast clouds
83,camacha,PT,33.0833,-16.3333,56.62,94,40,6.91,scattered clouds
84,khatanga,RU,71.9667,102.5,-0.45,98,99,3.62,overcast clouds
85,hermanus,ZA,-34.4187,19.2345,62.8,77,38,14.38,light rain
86,slave lake,CA,55.2834,-114.769,42.78,49,0,5.75,clear sky
87,ostrovnoy,RU,68.0531,39.5131,11.32,94,86,10.18,overcast clouds
88,klaksvik,FO,62.2266,-6.589,34.72,75,99,18.39,overcast clouds
89,waingapu,ID,-9.6567,120.2641,78.44,83,2,3.38,clear sky
90,gediz,TR,39.0417,29.41,51.06,40,8,8.41,clear sky
91,bengkulu,ID,-3.8004,102.2655,75.25,85,20,3.98,few clouds
92,severo-yeniseyskiy,RU,60.3725,93.0408,9.72,97,100,2.93,overcast clouds
93,paamiut,GL,61.994,-49.6678,35.49,79,82,6.98,broken clouds
94,changji,CN,44.0167,87.3167,43.59,56,0,4.47,clear sky
95,bambous virieux,MU,-20.3428,57.7575,76.21,94,75,18.41,moderate rain
96,srednekolymsk,RU,67.45,153.6833,-7.31,93,91,5.64,overcast clouds
97,chapais,CA,49.7834,-74.8492,19.18,88,100,12.57,overcast clouds
98,aktanysh,RU,55.7216,54.0829,31.39,98,100,10.36,light snow
99,severo-kurilsk,RU,50.6789,156.125,27.61,67,98,26.93,overcast clouds
100,kozmodemyansk,RU,56.3367,46.5711,29.88,94,100,11.92,light snow
101,troitskoye,RU,52.9821,84.6757,29.46,94,99,6.58,overcast clouds
102,puerto escondido,MX,15.85,-97.0667,83.66,54,2,6.53,clear sky
103,palafrugell,ES,41.9174,3.1631,44.42,44,27,1.01,scattered clouds
104,tabuk,PH,17.4189,121.4443,74.26,86,65,3.2,broken clouds
105,polunochnoye,RU,60.8697,60.4153,4.59,97,17,3.94,few clouds
106,faanui,PF,-16.4833,-151.75,80.78,74,100,0.67,light rain
107,port-gentil,GA,-0.7193,8.7815,78.42,88,100,6.89,heavy intensity rain
108,gizo,SB,-8.103,156.8419,80.4,81,100,8.55,overcast clouds
109,vung tau,VN,10.346,107.0843,80.8,80,100,14.79,overcast clouds
110,saint-joseph,RE,-21.3667,55.6167,72.1,91,100,20.56,moderate rain
111,avera,US,33.194,-82.5271,72.91,44,10,7.74,clear sky
112,samarai,PG,-10.6167,150.6667,80.8,78,100,12.28,overcast clouds
113,luderitz,NA,-26.6481,15.1594,60.67,72,0,18.79,clear sky
114,khani,GE,41.9563,42.9566,56.77,77,86,10.78,overcast clouds
115,cherskiy,RU,68.75,161.3,-14.08,93,100,3.44,overcast clouds
116,lebu,CL,-37.6167,-73.65,56.05,91,0,15.1,clear sky
117,beausejour,CA,50.0622,-96.5167,42.57,88,82,11.9,broken clouds
118,xihua,CN,33.7833,114.5167,46.0,76,84,4.54,broken clouds
119,stoughton,US,42.1251,-71.1023,51.58,67,75,7.0,broken clouds
120,guatire,VE,10.4762,-66.5427,73.11,91,72,4.27,broken clouds
121,svetlogorsk,BY,52.6333,29.7333,33.67,97,100,12.91,overcast clouds
122,grand gaube,MU,-20.0064,57.6608,76.37,87,100,10.0,light rain
123,hannibal,US,39.7084,-91.3585,50.92,40,0,5.75,clear sky
124,pokaran,IN,26.9167,71.9167,80.19,5,0,9.73,clear sky
125,karakol,KG,42.4907,78.3936,37.72,48,51,5.1,broken clouds
126,barcelona,ES,41.3888,2.159,47.53,39,0,14.97,clear sky
127,puerto ayora,EC,-0.7393,-90.3518,82.36,92,30,5.01,scattered clouds
128,galesong,ID,-5.3166,119.3661,75.22,83,97,4.72,overcast clouds
129,verkhnyaya inta,RU,65.9811,60.3094,15.03,94,92,13.04,light snow
130,halifax,CA,44.6453,-63.5724,49.89,98,100,24.16,overcast clouds
131,honiara,SB,-9.4333,159.95,82.56,74,97,3.0,overcast clouds
132,poum,NC,-20.2333,164.0167,81.77,80,90,9.15,overcast clouds
133,santa vitoria do palmar,BR,-33.5189,-53.3681,55.33,75,15,7.05,few clouds
134,karratha,AU,-20.7377,116.8463,82.6,76,7,5.32,clear sky
135,cabo san lucas,MX,22.8909,-109.9124,83.61,38,0,6.91,clear sky
136,seguela,CI,7.9611,-6.6731,77.09,79,74,4.97,light rain
137,aykhal,RU,66.0,111.5,0.28,98,86,10.42,overcast clouds
138,namatanai,PG,-3.6667,152.4333,76.3,93,100,4.81,heavy intensity rain
139,port lincoln,AU,-34.7333,135.8667,62.94,67,42,16.35,scattered clouds
140,portland,US,45.5234,-122.6762,63.28,44,75,5.01,broken clouds
141,broken hill,AU,-31.95,141.4333,55.11,58,0,11.5,clear sky
142,mount pleasant,US,32.7941,-79.8626,77.14,38,0,6.91,clear sky
143,hobart,AU,-42.8794,147.3294,57.25,89,75,10.36,broken clouds
144,flinders,AU,-34.5833,150.8552,63.18,76,97,8.01,light rain
145,chokurdakh,RU,70.6333,147.9167,-12.86,96,29,3.04,scattered clouds
146,amahai,ID,-3.3333,128.9167,79.65,82,75,2.84,broken clouds
147,san quintin,MX,30.4833,-115.95,63.46,61,0,10.85,clear sky
148,atuona,PF,-9.8,-139.0333,78.98,76,29,6.62,light rain
149,port blair,IN,11.6667,92.75,77.04,94,20,2.3,mist
150,coquimbo,CL,-29.9533,-71.3436,56.93,88,40,11.5,scattered clouds
151,hithadhoo,MV,-0.6,73.0833,82.29,73,8,8.63,clear sky
152,eureka,US,40.8021,-124.1637,59.13,73,81,10.0,broken clouds
153,devrek,TR,41.2192,31.9558,59.65,58,65,7.87,broken clouds
154,thompson,CA,55.7435,-97.8558,23.16,74,100,13.8,overcast clouds
155,muros,ES,42.7762,-9.0603,41.09,78,3,9.66,clear sky
156,hami,CN,42.8,93.45,48.63,21,20,6.62,few clouds
157,high level,CA,58.5169,-117.136,17.71,79,100,6.91,light snow
158,araci,BR,-11.3333,-38.9667,76.82,74,63,10.47,broken clouds
159,tambo,PE,-14.8,-73.9167,38.68,90,99,6.87,overcast clouds
160,storforshei,NO,66.4043,14.5233,26.65,92,75,2.3,light snow
161,ribeira grande,PT,38.5167,-28.7,58.35,73,100,21.77,overcast clouds
162,griffith,US,41.5284,-87.4237,45.46,59,0,5.75,clear sky
163,mar del plata,AR,-38.0023,-57.5575,62.87,80,0,21.0,clear sky
164,longyearbyen,SJ,78.2186,15.6401,-2.36,65,20,11.5,few clouds
165,kysyl-syr,RU,63.8986,122.7617,17.08,98,99,2.06,overcast clouds
166,oil city,US,41.4339,-79.7064,36.07,65,100,16.11,overcast clouds
167,butaritari,KI,3.0707,172.7902,82.24,76,81,22.15,broken clouds
168,lorengau,PG,-2.0226,147.2712,78.84,89,100,11.25,heavy intensity rain
169,vostok,RU,46.4856,135.8833,25.41,78,9,4.85,clear sky
170,faya,SA,18.3851,42.4509,60.91,18,29,5.91,scattered clouds
171,temirtau,KZ,50.0544,72.9483,21.25,99,84,3.71,broken clouds
172,maceio,BR,-9.6658,-35.7353,78.24,83,20,4.61,few clouds
173,gillette,US,44.2911,-105.5022,45.03,40,75,12.66,broken clouds
174,ust-kut,RU,56.7938,105.7672,33.84,98,100,6.44,snow
175,nouadhibou,MR,20.931,-17.0347,64.38,77,0,13.8,clear sky
176,new norfolk,AU,-42.7826,147.0587,56.91,69,100,3.0,overcast clouds
177,guerrero negro,MX,27.9769,-114.0611,64.99,57,2,15.93,clear sky
178,akdepe,TM,42.0551,59.3788,53.69,37,0,6.62,clear sky
179,matara,LK,5.9485,80.5353,76.96,86,53,2.73,light rain
180,maxixe,MZ,-23.8597,35.3472,74.77,84,1,6.49,clear sky
181,panzhihua,CN,26.5851,101.7128,46.17,91,100,2.55,overcast clouds
182,verkhnyaya toyma,RU,62.2349,44.9985,0.34,100,62,1.81,broken clouds
183,nome,US,64.5011,-165.4064,27.1,63,0,8.05,clear sky
184,ponta do sol,PT,32.6667,-17.1,64.0,84,100,0.96,overcast clouds
185,meulaboh,ID,4.1363,96.1285,77.85,84,100,2.08,light rain
186,tuktoyaktuk,CA,69.4541,-133.0374,-14.8,76,20,5.75,few clouds
187,asau,RO,46.4333,26.4,52.95,78,100,4.74,overcast clouds
188,altamira,BR,-3.2033,-52.2064,72.93,92,37,3.33,scattered clouds
189,juegang,CN,32.3174,121.1855,44.91,66,100,3.29,overcast clouds
190,kahului,US,20.8947,-156.47,86.02,63,40,29.93,scattered clouds
191,sakakah,SA,29.9697,40.2064,69.37,15,98,9.64,overcast clouds
192,lavrentiya,RU,65.5833,-171.0,16.95,69,100,12.68,overcast clouds
193,haines junction,CA,60.7522,-137.5108,30.15,55,100,4.61,overcast clouds
194,husavik,IS,66.0449,-17.3389,35.51,85,97,7.63,overcast clouds
195,noumea,NC,-22.2763,166.4572,84.18,99,84,5.7,broken clouds
196,manuk mangkaw,PH,4.8,119.85,83.3,72,73,11.79,broken clouds
197,khash,IR,28.2211,61.2158,61.05,11,0,4.12,clear sky
198,jiaojiang,CN,28.6803,121.4428,50.0,83,95,5.93,overcast clouds
199,madang,PG,-5.2246,145.7966,80.15,80,100,1.9,overcast clouds
200,tasiilaq,GL,65.6145,-37.6368,32.16,90,100,5.1,overcast clouds
201,miri,MY,4.4148,114.0089,71.74,100,20,2.3,few clouds
202,nikolskoye,RU,59.7035,30.7861,28.8,95,84,2.82,broken clouds
203,rapid valley,US,44.0625,-103.1463,50.38,41,100,16.11,overcast clouds
204,esil,KZ,51.9556,66.4042,26.49,86,38,8.03,scattered clouds
205,peniche,PT,39.3558,-9.3811,51.3,81,0,19.77,clear sky
206,avarua,CK,-21.2078,-159.775,84.25,70,87,11.5,overcast clouds
207,jubbal,IN,31.1167,77.6667,50.18,33,0,3.22,clear sky
208,cap malheureux,MU,-19.9842,57.6142,76.46,87,100,10.0,light rain
209,la asuncion,VE,11.0333,-63.8628,77.34,84,48,20.4,scattered clouds
210,margate,GB,51.3813,1.3862,40.69,61,58,10.0,broken clouds
211,leningradskiy,RU,69.3833,178.4167,2.3,90,100,8.03,overcast clouds
212,arman,RU,59.7,150.1667,10.02,67,100,7.4,overcast clouds
213,certeze,RO,47.9,23.4667,47.17,97,100,4.76,overcast clouds
214,proletariy,RU,58.4342,31.7046,23.77,91,91,5.06,overcast clouds
215,amapa,BR,1.0,-52.0,73.53,98,100,2.46,overcast clouds
216,cordoba,AR,-31.4135,-64.1811,63.75,41,0,11.5,clear sky
217,mogok,MM,22.9167,96.5,66.2,46,32,1.92,scattered clouds
218,norsup,VU,-16.0667,167.3833,81.28,82,100,6.4,light rain
219,alta floresta,BR,-9.8756,-56.0861,71.58,98,52,4.88,broken clouds
220,sao joao da barra,BR,-21.6403,-41.0511,76.62,85,39,5.32,light rain
221,carballo,ES,43.213,-8.691,45.86,82,53,3.6,broken clouds
222,ancud,CL,-41.8697,-73.8203,56.23,95,17,6.15,few clouds
223,roebourne,AU,-20.7833,117.1333,82.11,78,12,5.1,few clouds
224,podgornoye,RU,51.735,39.1496,37.62,100,100,2.24,fog
225,goma,CD,-1.6792,29.2228,61.54,89,82,3.06,broken clouds
226,kruisfontein,ZA,-34.0033,24.7314,60.89,84,3,6.35,clear sky
227,vilyuysk,RU,63.7553,121.6247,16.9,96,100,2.37,overcast clouds
228,quatre cocos,MU,-20.2078,57.7625,76.08,91,100,18.14,moderate rain
229,saint-augustin,CA,51.226,-58.6502,31.73,98,100,19.24,snow
230,anadyr,RU,64.75,177.4833,23.5,85,75,6.71,broken clouds
231,dakar,SN,14.6937,-17.4441,70.68,83,3,17.76,clear sky
232,sibi,PK,29.5448,67.8764,81.03,6,0,7.02,clear sky
233,okhotsk,RU,59.3833,143.3,10.71,68,56,18.43,broken clouds
234,hammond,US,41.5834,-87.5,45.55,59,0,5.75,clear sky
235,culiacancito,MX,24.8247,-107.5331,84.45,48,49,8.01,scattered clouds
236,east london,ZA,-33.0153,27.9116,65.05,91,100,7.29,light rain
237,sabya,SA,17.1495,42.6254,78.42,64,6,4.34,clear sky
238,ilave,PE,-16.0833,-69.6667,44.11,82,40,4.47,scattered clouds
239,cururupu,BR,-1.8283,-44.8683,73.15,98,100,2.3,overcast clouds
240,sept-iles,CA,50.2001,-66.3821,32.52,96,100,10.36,overcast clouds
241,buritizeiro,BR,-17.3511,-44.9622,79.0,46,31,3.89,scattered clouds
242,ahipara,NZ,-35.1667,173.1667,73.4,62,30,2.84,scattered clouds
243,araripina,BR,-7.5761,-40.4983,70.25,87,92,3.83,overcast clouds
244,warner robins,US,32.621,-83.5999,75.36,26,0,11.5,clear sky
245,bathsheba,BB,13.2167,-59.5167,79.41,69,40,16.11,scattered clouds
246,byron bay,AU,-28.65,153.6167,73.29,64,7,2.46,clear sky
247,raichur,IN,16.2,77.3667,83.26,48,20,6.24,few clouds
248,henties bay,NA,-22.116,14.2845,61.09,88,0,8.72,clear sky
249,chatellerault,FR,46.8,0.5333,36.55,54,100,17.02,overcast clouds
250,komsomolskiy,UZ,40.4272,71.7189,58.48,35,44,2.06,scattered clouds
251,clyde river,CA,70.4692,-68.5914,12.43,92,100,4.61,overcast clouds
252,comodoro rivadavia,AR,-45.8667,-67.5,75.06,17,0,17.27,clear sky
253,sault sainte marie,CA,46.5168,-84.3333,30.49,63,20,12.66,few clouds
254,khandyga,RU,62.6667,135.6,4.28,90,61,4.47,broken clouds
255,ajaccio,FR,42.0,8.9167,42.85,71,75,14.97,broken clouds
256,annau,TM,37.8876,58.516,54.9,62,1,2.3,clear sky
257,aginskoye,RU,51.1,114.53,31.96,66,91,4.99,overcast clouds
258,constitucion,CL,-35.3333,-72.4167,57.34,84,12,14.38,few clouds
259,norman wells,CA,65.282,-126.8329,-3.96,50,0,5.75,clear sky
260,umm lajj,SA,25.0213,37.2685,79.93,38,3,2.86,clear sky
261,alofi,NU,-19.0595,-169.9187,84.09,79,99,10.36,overcast clouds
262,provideniya,RU,64.3833,-173.3,27.82,87,100,10.87,overcast clouds
263,severnyy,RU,50.677,36.5532,57.24,44,0,6.71,clear sky
264,dhidhdhoo,MV,6.8833,73.1,82.6,72,29,6.2,scattered clouds
265,kallaste,EE,58.655,27.1592,28.63,91,57,7.23,broken clouds
266,amurrio,ES,43.05,-3.0,42.13,82,96,5.86,light rain
267,port hedland,AU,-20.3167,118.5667,78.85,89,40,5.75,scattered clouds
268,zurrieq,MT,35.8311,14.4742,57.96,87,0,6.91,clear sky
269,deinze,BE,50.9818,3.531,39.9,68,86,13.11,overcast clouds
270,temir,KZ,49.1414,57.13,34.0,83,94,8.39,overcast clouds
271,la ronge,CA,55.1001,-105.2842,26.85,59,40,17.27,scattered clouds
272,germenchik,RU,43.5939,43.7661,58.82,33,90,4.47,overcast clouds
273,coihaique,CL,-45.5752,-72.0662,59.61,51,75,3.44,broken clouds
274,ripanj,RS,44.639,20.5204,48.2,87,97,2.57,overcast clouds
275,pisco,PE,-13.7,-76.2167,70.02,73,40,19.57,scattered clouds
276,kununurra,AU,-15.7667,128.7333,75.18,88,74,0.0,broken clouds
277,ciudad ojeda,VE,10.1964,-71.3082,85.93,61,28,5.75,scattered clouds
278,abu samrah,SY,35.3029,37.1841,61.47,41,98,3.47,overcast clouds
279,sandpoint,US,48.2766,-116.5533,54.99,44,40,4.61,scattered clouds
280,ayan,RU,56.45,138.1667,22.64,63,1,7.36,clear sky
281,arawa,PG,-6.2132,155.5367,76.62,97,100,1.59,moderate rain
282,chadiza,ZM,-14.0678,32.4392,62.87,98,50,1.23,light rain
283,kodiak,US,57.79,-152.4072,38.71,87,100,19.57,light rain
284,lamu,KE,-2.2717,40.902,82.62,84,7,6.87,clear sky
285,riyadh,SA,24.6877,46.7219,73.54,15,0,5.86,clear sky
286,atotonilco el grande,MX,20.2833,-98.6667,74.39,41,74,11.9,broken clouds
287,west wendover,US,40.7391,-114.0733,54.61,21,0,11.5,clear sky
288,susanville,US,40.4163,-120.653,68.67,29,44,4.0,scattered clouds
289,adrar,MR,20.5022,-10.0711,76.87,11,0,7.7,clear sky
290,padang,ID,-0.9492,100.3543,69.85,69,1,4.97,clear sky
291,victoria,HK,22.2855,114.1577,60.33,79,100,11.99,light rain
292,half moon bay,US,37.4636,-122.4286,77.88,72,0,18.41,mist
293,milkovo,RU,54.7167,158.6167,23.22,74,100,3.2,overcast clouds
294,los llanos de aridane,ES,28.6585,-17.9182,60.55,87,100,6.91,overcast clouds
295,prince rupert,CA,54.3161,-130.3201,42.89,81,100,11.5,overcast clouds
296,nishihara,JP,26.1842,127.7558,65.48,83,75,12.66,broken clouds
297,ayia marina,GR,37.75,23.5333,63.18,66,0,18.99,clear sky
298,mount gambier,AU,-37.8333,140.7667,53.51,87,55,8.05,broken clouds
299,sambava,MG,-14.2667,50.1667,73.44,92,100,8.5,overcast clouds
300,burnie,AU,-41.0667,145.9167,58.6,61,94,4.29,overcast clouds
301,tautira,PF,-17.7333,-149.15,80.73,78,36,9.17,light rain
302,carnarvon,AU,-24.8667,113.6333,73.47,100,40,8.05,scattered clouds
303,bulawayo,ZW,-20.15,28.5833,61.65,56,0,4.29,clear sky
304,nouakchott,MR,18.0858,-15.9785,67.93,68,1,14.45,clear sky
305,tabou,CI,4.423,-7.3528,80.85,86,93,8.5,light rain
306,nemuro,JP,43.3236,145.575,29.88,75,37,8.57,scattered clouds
307,salalah,OM,17.0151,54.0924,77.09,47,0,3.44,clear sky
308,ixtapa,MX,20.7,-105.2,75.22,64,40,12.66,scattered clouds
309,calama,CL,-22.4667,-68.9333,72.09,14,0,19.57,clear sky
310,upernavik,GL,72.7868,-56.1549,6.42,98,98,8.3,overcast clouds
311,bograd,RU,54.2344,90.8328,34.48,61,23,6.55,few clouds
312,atambua,ID,-9.1061,124.8925,74.01,81,32,2.86,scattered clouds
313,mackay,AU,-21.15,149.2,75.69,88,2,8.05,clear sky
314,sur,OM,22.5667,59.5289,82.09,35,0,6.24,clear sky
315,akdagmadeni,TR,39.6603,35.8836,48.18,60,89,7.16,overcast clouds
316,darhan,MN,49.4867,105.9228,33.46,35,25,2.51,scattered clouds
317,havre-saint-pierre,CA,50.2334,-63.5986,32.36,100,100,24.16,overcast clouds
318,asasa,ET,7.1,39.2,53.96,78,5,5.23,clear sky
319,shar,KZ,49.5886,81.0453,27.68,82,100,5.73,overcast clouds
320,nuevo progreso,MX,23.1667,-97.95,81.54,63,30,11.99,scattered clouds
321,bilma,NE,18.6853,12.9164,79.23,4,2,5.1,clear sky
322,goderich,CA,43.7501,-81.7165,32.32,69,91,14.97,overcast clouds
323,syasstroy,RU,60.1367,32.5691,16.18,97,82,3.27,broken clouds
324,kichmengskiy gorodok,RU,59.9816,45.7854,6.13,98,37,3.11,scattered clouds
325,cayenne,GF,4.9333,-52.3333,79.09,1,75,5.01,broken clouds
326,koungheul,SN,13.9833,-14.8,86.18,18,0,14.81,clear sky
327,hualmay,PE,-11.0964,-77.6139,70.56,81,71,10.56,broken clouds
328,dukat,RU,62.55,155.55,-0.38,87,100,6.55,overcast clouds
329,staryy nadym,RU,65.6118,72.6842,8.46,93,99,8.77,overcast clouds
330,bellevue,US,47.6104,-122.2007,56.79,59,75,11.5,broken clouds
331,labuhan,ID,-6.8844,112.2051,77.58,83,99,3.91,overcast clouds
332,manono,CD,-7.3,27.4167,69.46,93,74,3.74,broken clouds
333,karaton,ID,-6.3424,106.1045,73.6,95,73,3.53,broken clouds
334,sohbatpur,PK,28.5202,68.5434,80.64,5,0,7.45,clear sky
335,zhanaozen,KZ,43.3,52.8,54.97,36,7,9.01,clear sky
336,pangai,TO,-19.8,-174.35,86.11,66,75,6.91,broken clouds
337,along,IN,28.1667,94.7667,63.55,95,95,2.15,overcast clouds
338,djibo,BF,14.1022,-1.6306,86.54,6,96,1.54,overcast clouds
339,olga,RU,43.7444,135.2892,38.25,41,0,4.38,clear sky
340,calamar,CO,10.2511,-74.9146,85.86,60,100,9.73,overcast clouds
341,katsuura,JP,35.1333,140.3,47.68,59,79,12.64,broken clouds
342,wajima,JP,37.4,136.9,41.52,52,51,7.05,broken clouds
343,grindavik,IS,63.8424,-22.4338,43.27,93,75,10.36,broken clouds
344,rocha,UY,-34.4833,-54.3333,55.17,75,60,4.79,broken clouds
345,lebork,PL,54.5392,17.7501,35.92,58,100,12.8,overcast clouds
346,tezu,IN,27.9167,96.1667,68.16,84,100,2.86,overcast clouds
347,kosonsoy,UZ,41.2561,71.5508,46.96,43,29,6.29,scattered clouds
348,vila velha,BR,-20.3297,-40.2925,80.55,84,20,3.44,few clouds
349,dieppe,FR,49.75,1.1667,37.02,74,72,1.99,broken clouds
350,charters towers,AU,-20.1,146.2667,79.54,65,86,11.54,overcast clouds
351,mayo,US,38.8876,-76.5119,52.39,50,75,14.97,broken clouds
352,norfolk,US,42.1668,-71.2495,51.89,63,82,8.99,broken clouds
353,chumikan,RU,54.7183,135.315,20.16,83,99,15.14,overcast clouds
354,olafsvik,IS,64.8945,-23.7142,42.03,91,100,9.98,overcast clouds
355,fare,PF,-16.7,-151.0167,81.23,73,99,3.58,light rain
356,velyka mykhaylivka,UA,47.0794,29.8514,56.12,70,83,12.19,broken clouds
357,najran,SA,17.4924,44.1277,63.25,18,13,1.12,few clouds
358,ust-karsk,RU,52.7011,118.8077,28.92,81,100,4.45,overcast clouds
359,massaguet,TD,12.4755,15.4365,85.3,9,4,9.62,clear sky
360,iquitos,PE,-3.7481,-73.2472,77.04,88,75,3.44,broken clouds
361,fairbanks,US,64.8378,-147.7164,26.1,29,0,16.11,clear sky
362,tilichiki,RU,60.4667,166.1,12.78,82,83,11.92,broken clouds
363,sinnamary,GF,5.3833,-52.95,77.02,90,100,9.78,overcast clouds
364,marsh harbour,BS,26.5412,-77.0636,77.65,81,85,11.45,overcast clouds
365,pochutla,MX,15.7432,-96.4661,84.81,41,2,6.64,clear sky
366,hirara,JP,24.8,125.2833,68.27,64,75,17.27,broken clouds
367,roald,NO,62.5833,6.1333,37.54,70,75,6.91,broken clouds
368,drawsko pomorskie,PL,53.5306,15.8097,28.08,75,100,3.0,overcast clouds
369,saskylakh,RU,71.9167,114.0833,3.04,97,97,6.87,overcast clouds
370,dingle,PH,10.9995,122.6711,78.35,73,93,11.5,overcast clouds
371,arlit,NE,18.7369,7.3853,84.78,3,100,8.12,overcast clouds
372,batagay-alyta,RU,67.8006,130.4114,-2.45,96,53,1.74,broken clouds
373,posse,BR,-14.0931,-46.3694,77.27,39,41,5.19,scattered clouds
374,vestmannaeyjar,IS,63.4427,-20.2734,43.68,78,97,1.79,overcast clouds
375,dunedin,NZ,-45.8742,170.5036,57.79,64,7,8.01,clear sky
376,maltahohe,NA,-24.8333,16.9833,70.29,25,0,7.72,clear sky
377,sao filipe,CV,14.8961,-24.4956,71.13,81,17,8.72,few clouds
378,corinto,GR,37.9407,22.9573,63.9,72,0,7.43,clear sky
379,agadir,MA,30.4202,-9.5982,61.25,76,5,7.09,clear sky
380,muisne,EC,0.6,-80.0333,78.75,82,61,5.68,broken clouds
381,catia la mar,VE,10.6038,-67.0303,84.4,74,20,2.3,few clouds
382,camalu,MX,30.85,-116.0667,63.48,63,2,10.6,clear sky
383,paulis,RO,46.1167,21.5833,45.63,94,77,3.74,broken clouds
384,itanhandu,BR,-22.2958,-44.9347,64.02,96,86,5.55,overcast clouds
385,svetlyy,RU,54.675,20.1347,35.65,62,100,17.13,overcast clouds
386,launceston,AU,-41.45,147.1667,58.8,76,100,20.71,overcast clouds
387,santiago de cao,PE,-7.9589,-79.2392,68.13,83,75,11.5,fog
388,belyy yar,RU,53.6039,91.3903,31.89,64,0,6.71,clear sky
389,gavle,SE,60.6745,17.1417,21.51,53,37,1.99,scattered clouds
390,taoudenni,ML,22.6783,-3.9836,80.92,6,97,4.0,overcast clouds
391,lazaro cardenas,MX,17.9583,-102.2,79.07,58,66,9.15,broken clouds
392,bodden town,KY,19.2833,-81.25,84.2,66,20,11.5,few clouds
393,dunbar,US,38.3606,-81.7374,48.72,49,75,11.5,broken clouds
394,rosario,AR,-32.9468,-60.6393,63.82,56,0,8.05,clear sky
395,tucuman,AR,-26.8241,-65.2226,66.2,48,20,4.61,few clouds
396,christchurch,NZ,-43.5333,172.6333,66.42,77,20,6.91,few clouds
397,baykit,RU,61.67,96.37,-1.5,100,88,0.38,overcast clouds
398,leshukonskoye,RU,64.8989,45.7622,11.53,97,63,3.09,broken clouds
399,bitung,ID,1.4451,125.1824,76.05,74,92,1.61,overcast clouds
400,alice springs,AU,-23.7,133.8833,58.55,51,99,4.61,overcast clouds
401,iguguno,TZ,-4.5697,34.6275,61.68,85,48,4.7,scattered clouds
402,olinda,BR,-8.0089,-34.8553,83.93,70,40,10.36,scattered clouds
403,bonthe,SL,7.5264,-12.505,79.0,89,100,7.9,overcast clouds
404,baghdad,IQ,33.3406,44.4009,62.51,27,0,5.75,clear sky
405,fria,GN,10.4167,-13.5833,75.22,87,13,3.33,few clouds
406,luwuk,ID,-0.9516,122.7875,79.92,76,63,1.54,broken clouds
407,khoy,IR,38.5504,44.9535,50.43,40,12,2.51,few clouds
408,fortuna,US,40.5982,-124.1573,58.86,75,20,16.11,few clouds
409,tokat,TR,40.4167,36.5833,43.54,68,72,8.12,broken clouds
410,dauphin,CA,51.1494,-100.0502,35.74,75,75,27.63,broken clouds
411,iberia,US,29.9502,-91.7507,75.2,33,0,8.05,clear sky
412,kharitonovo,RU,61.4009,47.4978,2.52,98,31,0.85,scattered clouds
413,kokkola,FI,63.8385,23.1307,23.94,74,0,6.91,clear sky
414,sibolga,ID,1.7427,98.7792,74.95,83,69,4.0,broken clouds
415,bac lieu,VN,9.285,105.7244,80.94,78,100,10.13,moderate rain
416,yefremov,RU,53.1481,38.0992,33.39,100,100,9.31,light snow
417,saldanha,ZA,-33.0117,17.9442,59.05,79,0,21.16,clear sky
418,tobol,KZ,52.6844,62.5794,35.22,92,99,8.59,overcast clouds
419,sijunjung,ID,-0.6876,100.9537,67.78,76,6,1.79,moderate rain
420,zakamensk,RU,50.3741,103.2863,18.39,79,31,3.09,scattered clouds
421,yining,CN,29.0361,114.5636,46.87,77,100,1.1,overcast clouds
422,penalva,BR,-3.2942,-45.1736,73.44,98,89,2.91,light rain
423,chulman,RU,56.8479,124.9104,20.28,90,100,5.1,overcast clouds
424,paita,PE,-5.0892,-81.1144,73.9,77,90,15.46,overcast clouds
425,mogadishu,SO,2.0371,45.3438,81.23,80,11,12.24,few clouds
426,mahon,ES,39.8885,4.2658,43.36,70,75,8.05,broken clouds
427,saint-francois,FR,46.4154,3.9054,33.67,93,100,16.11,light snow
428,gewane,ET,10.1664,40.6453,80.08,49,3,5.39,clear sky
429,ilulissat,GL,69.2167,-51.1,26.62,74,0,1.14,clear sky
430,roma,US,43.2128,-75.4557,37.54,69,100,21.85,overcast clouds
431,raga,SS,8.4596,25.678,81.27,20,9,3.02,clear sky
432,colares,PT,38.7992,-9.4469,53.33,58,0,24.0,clear sky
433,acapulco,MX,16.8634,-99.8901,81.52,56,7,8.95,clear sky
434,steinbach,DE,50.1667,8.5667,35.35,86,100,14.97,mist
435,luganville,VU,-15.5333,167.1667,80.44,85,99,4.14,overcast clouds
436,shimoda,JP,34.6667,138.95,42.1,58,99,10.69,overcast clouds
437,wittingen,DE,52.7269,10.7361,35.6,75,100,13.85,overcast clouds
438,bow island,CA,49.8668,-111.3684,50.18,36,83,4.61,broken clouds
439,alberton,CA,46.8168,-64.0654,33.93,98,100,7.05,snow
440,sinnar,SD,13.5691,33.5672,87.73,13,17,12.8,few clouds
441,talnakh,RU,69.4865,88.3972,11.21,95,100,7.14,light snow
442,chapayevka,UA,47.4711,36.3451,52.52,69,98,15.01,overcast clouds
443,nevelsk,RU,46.6733,141.8633,32.4,54,53,9.13,broken clouds
444,sulangan,PH,11.1373,123.7228,82.62,67,89,21.85,overcast clouds
445,kavieng,PG,-2.5744,150.7967,78.58,86,100,8.63,moderate rain
446,russell,US,32.3502,-85.1999,74.48,32,0,8.05,clear sky
447,kiunga,PG,-6.1219,141.2906,75.38,95,100,2.15,overcast clouds
448,carahue,CL,-38.7,-73.1667,53.2,93,0,4.36,clear sky
449,pangnirtung,CA,66.1451,-65.7125,21.2,93,75,0.0,broken clouds
450,rawa mazowiecka,PL,51.7644,20.2549,33.91,98,100,16.71,light snow
451,kampong cham,KH,11.9934,105.4635,75.11,90,89,6.42,overcast clouds
452,nagamangala,IN,12.8156,76.7575,72.91,78,10,4.7,clear sky
453,muravlenko,RU,63.7898,74.523,16.27,96,99,8.97,overcast clouds
454,pitimbu,BR,-7.4706,-34.8086,79.39,74,82,10.65,broken clouds
455,vardo,NO,70.3705,31.1107,28.11,69,100,21.14,overcast clouds
456,karasjok,NO,69.4719,25.5112,17.29,88,100,8.34,overcast clouds
457,takoradi,GH,4.8845,-1.7554,78.69,83,100,5.35,moderate rain
458,gari,RU,59.4307,62.3497,6.22,98,68,2.91,broken clouds
459,shu,KZ,43.5983,73.7614,48.22,56,21,2.15,few clouds
460,sao lourenco do sul,BR,-31.3653,-51.9783,59.52,68,0,7.07,clear sky
461,am timan,TD,11.0297,20.2827,87.03,12,46,5.28,scattered clouds
462,makakilo city,US,21.3469,-158.0858,79.12,62,75,14.97,broken clouds
463,goundam,ML,16.4145,-3.6708,88.16,9,100,8.72,overcast clouds
464,puteyets,RU,65.1716,57.091,7.68,97,67,5.59,broken clouds
465,ternate,ID,0.8,127.4,81.36,78,75,5.91,broken clouds
466,san carlos,VE,9.6612,-68.5827,90.07,39,91,2.35,overcast clouds
467,ust-maya,RU,60.4167,134.5333,8.4,92,91,3.98,overcast clouds
468,magistralnyy,RU,56.1725,107.4458,35.31,85,100,6.78,overcast clouds
469,asfi,MA,32.2994,-9.2372,57.07,81,3,20.45,clear sky
470,shubarkuduk,KZ,49.1447,56.4872,36.28,81,97,7.49,overcast clouds
471,sao felix do xingu,BR,-6.6447,-51.995,73.78,93,21,2.01,few clouds
472,lompoc,US,34.6391,-120.4579,74.79,72,0,13.0,clear sky
473,ormara,PK,25.2088,64.6357,77.09,63,0,2.98,clear sky
474,alyangula,AU,-13.8483,136.4192,73.27,88,40,0.0,scattered clouds
475,mabaruma,GY,8.2,-59.7833,72.03,83,63,3.87,broken clouds
476,iroquois falls,CA,48.7669,-80.6831,25.34,82,75,9.35,broken clouds
477,gotsu,JP,35.0,132.2167,43.5,58,100,6.08,overcast clouds
478,nueva loja,EC,0.0847,-76.8828,73.81,95,81,1.81,broken clouds
479,taltal,CL,-25.4,-70.4833,63.91,76,23,3.11,few clouds
480,sola,VU,-13.8833,167.55,78.49,83,100,10.8,light rain
481,urrao,CO,6.3152,-76.1342,61.34,96,94,2.06,overcast clouds
482,weligama,LK,5.9667,80.4167,77.5,85,60,2.53,broken clouds
483,rosetta,EG,31.4044,30.4164,63.73,60,100,5.88,overcast clouds
484,tura,IN,25.5198,90.2201,68.2,93,25,3.27,scattered clouds
485,viseu,PT,40.661,-7.9097,42.85,61,5,6.35,clear sky
486,cortes,ES,41.9395,-1.4396,39.25,71,24,19.64,few clouds
487,krasyukovskaya,RU,47.5522,40.1088,63.72,58,40,8.95,scattered clouds
488,manta,EC,-0.95,-80.7333,80.38,83,75,5.75,broken clouds
489,san andres,CO,12.5847,-81.7006,84.22,70,100,9.22,overcast clouds
490,kismayo,SO,-0.3582,42.5454,80.49,76,6,13.11,clear sky
491,westport,US,41.1415,-73.3579,49.33,64,100,17.27,overcast clouds
492,vao,NC,-22.6667,167.4833,79.56,88,58,16.04,broken clouds
493,cacapava do sul,BR,-30.5122,-53.4914,52.23,67,2,3.13,clear sky
494,igarka,RU,67.4667,86.5833,7.39,97,100,5.95,overcast clouds
495,morant bay,JM,17.8815,-76.4093,82.02,78,5,11.05,clear sky
496,port elizabeth,ZA,-33.918,25.5701,64.69,78,75,13.8,broken clouds
497,lac du bonnet,CA,50.2536,-96.0612,38.26,81,87,12.26,overcast clouds
498,shakawe,BW,-18.3667,21.85,72.28,62,45,2.71,scattered clouds
499,eagle pass,US,28.7091,-100.4995,87.28,31,15,19.17,few clouds
500,aconibe,GQ,1.2968,10.9369,68.94,98,100,2.24,light rain
501,dawlatabad,AF,36.4141,64.9053,59.11,34,0,5.12,clear sky
502,gat,IL,31.61,34.7642,72.39,44,100,2.39,overcast clouds
503,kedrovyy,RU,56.1667,91.8167,34.21,83,100,6.91,overcast clouds
504,miyang,CN,24.4042,103.4428,41.94,96,100,5.41,overcast clouds
505,xichang,CN,27.8964,102.2634,43.23,96,100,2.26,overcast clouds
506,shingu,JP,33.7333,135.9833,45.45,53,94,3.49,overcast clouds
507,dagana,MR,16.5165,-15.5068,76.64,26,1,15.84,clear sky
508,qui nhon,VN,13.7667,109.2333,74.64,89,85,8.75,overcast clouds
509,key largo,US,25.0865,-80.4473,86.0,65,28,4.38,scattered clouds
510,touros,BR,-5.1989,-35.4608,78.71,86,100,11.48,overcast clouds
511,olecko,PL,54.0337,22.507,31.48,62,100,17.45,overcast clouds
512,balikpapan,ID,-1.2675,116.8289,76.19,100,20,3.44,few clouds
513,ust-nera,RU,64.5667,143.2,-2.0,98,77,0.31,broken clouds
514,whitehorse,CA,60.7161,-135.0538,29.1,73,100,5.75,overcast clouds
515,gamba,GA,-2.65,10.0,76.57,93,100,4.79,overcast clouds
516,port-cartier,CA,50.0334,-66.8654,32.22,97,100,11.34,light snow
517,college,US,64.8569,-147.8028,26.08,29,0,16.11,clear sky
518,harper,LR,4.375,-7.7169,80.56,86,97,7.94,overcast clouds
519,acajutla,SV,13.5928,-89.8275,84.94,63,1,6.17,clear sky
520,okha,RU,53.5739,142.9478,12.65,85,37,8.28,scattered clouds
521,kon tum,VN,14.35,108.0,67.37,96,96,2.91,overcast clouds
522,oxford,GB,51.7522,-1.256,35.76,86,24,5.01,few clouds
523,nyaunglebin,MM,17.95,96.7333,75.87,60,18,2.68,few clouds
524,ahuimanu,US,21.4447,-157.8378,80.31,71,40,14.97,scattered clouds
525,langxiang,CN,46.95,128.8833,32.29,53,53,2.75,broken clouds
526,caravelas,BR,-17.7125,-39.2481,77.7,79,0,6.58,clear sky
527,wattegama,LK,6.7989,81.4808,72.91,95,65,2.51,broken clouds
528,impfondo,CG,1.6381,18.0667,70.43,96,91,2.26,moderate rain
529,tashtyp,RU,52.7939,89.8983,30.09,90,100,3.87,overcast clouds
530,salinopolis,BR,-0.6136,-47.3561,76.17,90,100,6.91,overcast clouds
531,preston,GB,53.7667,-2.7167,40.98,85,95,0.11,overcast clouds
532,omsukchan,RU,62.5333,155.8,1.11,86,100,7.56,overcast clouds
533,raudeberg,NO,61.9875,5.1352,32.67,85,37,6.64,scattered clouds
534,phonhong,LA,18.5007,102.4166,68.81,85,100,2.55,overcast clouds
535,flers,FR,48.7372,-0.5747,39.45,64,48,9.95,scattered clouds
536,nagapattinam,IN,10.7667,79.8333,79.88,83,10,8.57,clear sky
537,podor,MR,16.6527,-14.9587,81.27,18,0,16.35,clear sky
538,turukhansk,RU,65.8167,87.9833,12.06,96,100,8.01,light snow
539,newport,GB,51.5877,-2.9984,39.25,67,87,7.85,overcast clouds
540,havelock,US,34.8791,-76.9013,75.18,53,0,13.8,clear sky
541,danane,CI,7.2596,-8.155,73.94,92,99,1.1,light rain
542,lata,PT,40.1629,-8.3327,41.97,76,0,4.12,clear sky
543,kraslava,LV,55.8951,27.168,28.98,75,100,9.86,overcast clouds
544,lugovaya,RU,56.05,37.4833,29.93,68,0,13.42,clear sky
545,tyrma,RU,50.0833,132.1667,23.5,87,81,1.92,broken clouds
546,villaviciosa,ES,43.4813,-5.4357,44.22,92,82,2.95,broken clouds
547,pizarro,CO,4.9533,-77.366,79.36,86,61,6.4,light rain
548,makat,KZ,47.6469,53.3463,53.31,53,80,8.79,broken clouds
549,koster,ZA,-25.863,26.8976,61.52,49,31,1.25,scattered clouds
550,misrikh,IN,27.45,80.5167,73.36,12,0,3.4,clear sky
551,hay river,CA,60.8156,-115.7999,-2.24,59,75,6.91,broken clouds
552,talaya,RU,61.3833,152.75,3.4,88,100,6.51,overcast clouds
553,cidreira,BR,-30.1811,-50.2056,63.09,65,5,5.64,clear sky
554,hohhot,CN,40.8106,111.6522,16.09,67,0,4.47,clear sky
555,itarema,BR,-2.9248,-39.9167,76.42,87,89,7.47,overcast clouds
556,kilemary,RU,56.7783,46.8659,28.98,89,100,10.16,overcast clouds
557,chicama,PE,-7.8447,-79.1469,66.74,69,66,8.28,broken clouds
558,barra do garcas,BR,-15.89,-52.2567,73.15,87,63,4.74,broken clouds
559,saint george,US,37.1041,-113.5841,77.43,18,0,5.99,clear sky
560,penarroya-pueblonuevo,ES,38.3,-5.2667,44.46,80,5,2.71,clear sky
561,ankazoabo,MG,-22.2833,44.5167,71.15,67,56,2.37,broken clouds
562,bhaderwah,IN,32.9784,75.7186,55.42,46,0,2.66,clear sky
563,esperance,AU,-33.8667,121.9,60.64,70,9,14.72,clear sky
564,male,MV,4.1748,73.5089,84.15,79,20,5.75,few clouds
565,umm kaddadah,SD,13.6017,26.6876,80.2,11,5,15.46,clear sky
566,sechura,PE,-5.5569,-80.8222,77.67,63,96,18.28,overcast clouds
567,san cristobal,VE,7.7669,-72.225,78.98,52,57,2.15,broken clouds
568,valparaiso,CL,-33.0393,-71.6273,59.47,79,100,8.05,fog
569,naze,JP,28.3667,129.4833,61.72,66,100,15.46,overcast clouds
570,messancy,BE,49.592,5.8188,34.52,82,93,4.0,overcast clouds
571,esterhazy,CA,50.65,-102.0843,34.65,83,99,17.4,overcast clouds
572,campbell river,CA,50.0163,-125.2446,48.45,76,100,13.8,overcast clouds
573,krasnyy chikoy,RU,50.3643,108.7512,21.74,91,90,1.5,overcast clouds
574,aloleng,PH,16.1307,119.7824,80.04,71,100,7.87,overcast clouds
575,vila do maio,CV,15.1333,-23.2167,72.39,81,18,14.03,few clouds
576,tonj,SS,7.2737,28.6822,86.63,31,24,3.62,few clouds
577,rawson,AR,-43.3002,-65.1023,71.74,20,10,12.53,clear sky
578,sitka,US,57.0531,-135.33,39.09,87,100,9.22,light rain
579,smithers,CA,54.7804,-127.1743,44.92,65,75,8.05,broken clouds
580,amalapuram,IN,16.5833,82.0167,76.37,96,8,1.66,clear sky
581,la llave,MX,20.4667,-99.9972,87.19,9,95,13.09,overcast clouds
582,huaiyin,CN,33.5886,119.0192,40.15,64,64,5.3,broken clouds
583,armenia,AM,40.0,45.0,36.57,57,84,8.1,broken clouds
584,mocuba,MZ,-16.8392,36.9856,71.11,99,16,1.1,few clouds
585,stornoway,GB,58.2093,-6.3865,39.16,91,100,5.75,overcast clouds
586,dalbandin,PK,28.8947,64.4101,69.89,8,0,5.64,clear sky
587,ondo,NG,7.1,4.8333,77.95,86,100,5.39,overcast clouds
588,media luna,CU,20.1419,-77.435,81.77,68,26,7.54,scattered clouds
589,muyezerskiy,RU,63.9333,31.65,8.47,93,82,3.67,broken clouds
590,bondoukou,CI,8.0333,-2.8,73.8,89,100,9.35,overcast clouds
591,lima,PE,-12.0432,-77.0282,68.25,73,0,12.66,clear sky
592,aksay,RU,47.26,39.87,63.25,45,100,7.0,overcast clouds
593,rincon,US,32.296,-81.2354,78.76,23,40,11.5,scattered clouds
594,sawang daen din,TH,17.4753,103.4575,66.87,60,100,11.74,light rain
595,purificacion,CO,3.8587,-74.9313,81.34,75,45,1.39,scattered clouds
596,guanica,PR,17.9716,-66.908,81.1,75,47,17.2,scattered clouds
597,andros town,BS,24.7,-77.7667,78.76,76,17,13.09,few clouds
598,chifeng,CN,42.2683,118.9636,35.91,50,2,6.2,clear sky
599,zhigansk,RU,66.7697,123.3711,19.99,93,100,21.41,light snow
600,masuguru,TZ,-11.3667,38.4167,71.47,98,93,2.04,overcast clouds
601,waterford,US,42.7023,-83.4027,36.48,63,100,13.8,overcast clouds
602,barguzin,RU,53.6167,109.6167,27.77,83,86,4.7,overcast clouds
603,banjar,ID,-8.19,114.9675,78.19,86,95,3.83,overcast clouds
604,jabinyanah,TN,35.035,10.9081,58.8,62,62,19.28,broken clouds
605,pontes e lacerda,BR,-15.2261,-59.3353,61.97,86,98,4.65,overcast clouds
606,zeya,RU,53.75,127.2667,24.19,79,84,0.74,broken clouds
607,opuwo,NA,-18.0607,13.84,73.6,62,63,1.83,broken clouds
608,abonnema,NG,4.7084,6.7931,80.89,81,98,11.74,overcast clouds
609,puerto leguizamo,CO,-0.1934,-74.7819,74.98,92,99,1.68,overcast clouds
610,navolato,MX,24.7672,-107.6944,84.63,48,42,12.35,scattered clouds
611,palencia,ES,42.4167,-4.5,33.82,80,58,5.1,broken clouds
612,yulara,AU,-25.2406,130.9889,64.24,32,100,5.75,overcast clouds
613,miyako,JP,39.6367,141.9525,39.25,43,3,5.26,clear sky
614,qasigiannguit,GL,68.8193,-51.1922,15.06,88,38,3.44,scattered clouds
615,bilibino,RU,68.0546,166.4372,1.42,68,100,2.71,overcast clouds
616,pontiac,US,42.6389,-83.2911,37.08,61,100,13.8,overcast clouds
617,carutapera,BR,-1.195,-46.02,73.94,95,100,4.68,overcast clouds
618,damghan,IR,36.1683,54.348,56.5,30,0,1.9,clear sky
619,sainte-marie,RE,-20.8968,55.5496,75.33,97,75,18.41,moderate rain
620,port hueneme,US,34.1478,-119.1951,74.79,72,20,10.36,few clouds
621,san lawrenz,MT,36.0553,14.204,57.85,81,12,1.01,few clouds
622,isfana,KG,39.8386,69.5306,45.16,43,59,4.45,broken clouds
623,hofn,IS,64.2539,-15.2082,38.91,82,100,4.85,overcast clouds
624,valdivia,CL,-39.8142,-73.2459,69.89,95,2,2.95,clear sky
625,lakeside,US,30.13,-81.7682,81.16,59,40,6.91,scattered clouds
626,sparks,US,39.5349,-119.7527,67.21,23,20,9.22,few clouds
627,san ramon,US,37.7799,-121.978,78.26,39,0,11.5,clear sky
628,saint-pierre,RE,-21.3393,55.4781,73.18,94,75,8.05,moderate rain
629,huarmey,PE,-10.0681,-78.1522,71.76,79,61,9.8,broken clouds
630,dhupgari,IN,26.5858,89.0145,74.8,75,63,7.99,broken clouds
631,aquiraz,BR,-3.9014,-38.3911,82.49,80,95,3.87,overcast clouds
632,santander,ES,43.4647,-3.8044,48.45,65,40,18.01,scattered clouds
633,kuching,MY,1.55,110.3333,75.42,94,20,2.3,few clouds
634,ishigaki,JP,24.3448,124.1572,64.53,100,75,18.41,mist
635,yalutorovsk,RU,56.6536,66.3006,17.91,98,100,2.82,overcast clouds
636,gopalpur,IN,19.2667,84.9167,77.9,91,3,16.93,clear sky
637,san antonio,US,29.4241,-98.4936,86.05,30,0,19.57,clear sky
638,corsicana,US,32.0954,-96.4689,76.24,28,0,10.36,clear sky
639,gravelbourg,CA,49.8834,-106.5512,46.67,39,94,17.87,overcast clouds
640,shuangcheng,CN,45.35,126.2833,28.08,36,50,8.25,scattered clouds
641,yaan,NG,7.3833,8.5667,80.67,69,70,13.44,broken clouds
642,vila,PT,42.0304,-8.1588,32.88,72,4,5.66,clear sky
643,san luis de la paz,MX,21.3,-100.5167,84.61,7,40,12.35,scattered clouds
644,bukachacha,RU,52.9833,116.9167,22.01,93,100,2.42,overcast clouds
645,praia da vitoria,PT,38.7333,-27.0667,58.75,88,75,13.67,broken clouds
646,hornepayne,CA,49.2138,-84.7705,30.85,84,83,5.53,broken clouds
647,gayeri,BF,12.6497,0.4931,90.18,10,95,4.88,overcast clouds
648,biak,ID,-0.9131,122.8766,78.21,77,59,2.59,broken clouds
649,saint anthony,US,45.0205,-93.218,44.98,53,100,9.22,overcast clouds
650,hovd,MN,48.0056,91.6419,31.73,27,100,1.95,overcast clouds
651,yongan,CN,39.6957,113.6871,31.1,33,1,3.36,clear sky
652,mattru,SL,7.6244,-11.8332,79.02,83,99,3.58,overcast clouds
653,mbarara,UG,-0.608,30.65,62.83,89,33,2.62,scattered clouds
654,sangmelima,CM,2.9333,11.9833,68.58,99,100,0.83,heavy intensity rain
655,ejido,VE,8.5514,-71.2375,72.66,80,99,3.29,overcast clouds
656,french harbor,HN,16.35,-86.4333,86.0,84,0,19.57,clear sky
657,kashi,CN,39.4547,75.9797,56.41,41,75,6.71,broken clouds
658,chimoio,MZ,-19.1164,33.4833,71.46,94,40,1.19,scattered clouds
659,port augusta,AU,-32.5,137.7667,63.03,45,0,7.49,clear sky
660,rorvik,NO,64.8621,11.2373,38.03,61,100,18.72,light rain
661,la mesa,US,32.7678,-117.0231,74.57,61,75,11.5,broken clouds
662,mezen,RU,65.8522,44.24,2.34,99,86,3.47,overcast clouds
663,ponoka,CA,52.6768,-113.5815,46.38,34,57,1.34,broken clouds
664,necochea,AR,-38.5473,-58.7368,58.53,60,100,10.65,overcast clouds
665,mahibadhoo,MV,3.7833,72.9667,82.51,71,25,4.36,scattered clouds
666,campbellsville,US,37.3434,-85.3419,50.72,39,9,1.01,clear sky
667,eastbourne,GB,50.7687,0.2845,37.99,73,3,1.01,clear sky
668,mogadouro,PT,41.3403,-6.7119,34.27,56,18,6.73,few clouds
669,jiangyou,CN,31.7667,104.7167,50.09,87,100,1.36,overcast clouds
670,demirci,TR,39.0461,28.6589,50.59,39,15,6.69,few clouds
671,nantucket,US,41.2835,-70.0995,51.94,74,20,24.16,few clouds
672,nhulunbuy,AU,-12.2333,136.7667,81.21,83,65,0.0,broken clouds
673,wukari,NG,7.85,9.7833,82.53,54,98,12.15,overcast clouds
674,doha,QA,25.2867,51.5333,80.58,18,0,5.75,clear sky
675,louis trichardt,ZA,-23.0439,29.9032,64.98,47,0,1.83,clear sky
676,takahashi,JP,34.7833,133.6167,47.17,80,100,3.0,overcast clouds
677,nuzvid,IN,16.7833,80.85,76.19,92,4,4.83,clear sky
678,hamina,FI,60.5697,27.1979,20.48,92,39,3.65,scattered clouds
679,aragats,AM,40.4889,44.3528,29.77,60,61,4.14,broken clouds
680,marquette,US,46.5333,-87.6335,31.68,70,88,1.77,overcast clouds
681,chimore,BO,-16.9833,-65.1333,59.92,73,92,0.98,overcast clouds
682,kautokeino,NO,69.0125,23.0412,18.99,84,100,9.08,overcast clouds
683,chengde,CN,40.9725,117.9361,39.94,45,30,3.89,scattered clouds
684,rudnogorsk,RU,57.2639,103.7519,26.73,98,100,1.9,light snow
685,buala,SB,-8.145,159.5921,80.35,80,100,3.22,light rain
686,sergeyevka,KZ,53.88,67.4158,32.23,93,97,8.84,overcast clouds
687,praia,CV,14.9215,-23.5087,72.14,73,0,12.66,clear sky
688,martapura,ID,-3.4167,114.85,75.29,94,20,3.44,few clouds
689,yorosso,ML,12.3536,-4.7761,89.02,21,88,4.32,overcast clouds
690,blackfoot,US,43.1905,-112.345,55.06,28,100,13.42,overcast clouds
691,lipin bor,RU,60.2622,37.9763,10.42,96,23,3.47,few clouds
692,lagos,NG,6.5833,3.75,80.92,84,94,8.3,overcast clouds
693,loandjili,CG,-4.7561,11.8578,76.37,86,100,1.59,overcast clouds
694,saveh,IR,35.0213,50.3566,63.43,34,14,1.61,few clouds
695,alice,US,27.7523,-98.0697,84.09,37,0,19.57,clear sky
696,kumluca,TR,36.3703,30.2869,63.12,35,33,7.07,scattered clouds
